Nome,CPF,Idade,Endereço
Dr. Levi Gomes,409.***.***-98,20.0,Endereco invalido
Felipe Souza,097.***.***-84,33.0,Endereco invalido
Sophie Cavalcanti,289.***.***-70,50.0,Endereco invalido
Bruna Da Cunha,258.***.***-68,72.0,Endereco invalido
Levi Monteiro,236.***.***-89,58.0,Endereco invalido
Dr. Henrique Peixoto,918.***.***-60,79.0,Endereco invalido
João Vitor Monteiro,042.***.***-31,67.0,Endereco invalido
Yuri Viana,873.***.***-65,79.0,Endereco invalido
Brenda Nogueira,189.***.***-00,44.0,Endereco invalido
Bernardo Lopes,890.***.***-06,68.0,Endereco invalido
Dr. Luiz Felipe Vieira,035.***.***-32,24.0,Endereco invalido
Thomas Barbosa,246.***.***-31,56.0,Endereco invalido
,895.***.***-84,56.0,Endereco invalido
Henrique Vieira,968.***.***-01,76.0,Endereco invalido
Dr. Bernardo Fogaça,000.***.***-00,65.0,Endereco invalido
Camila Jesus,937.***.***-87,67.0,Endereco invalido
Dr. João Vitor Cardoso,967.***.***-21,59.0,Endereco invalido
Maria Julia Da Costa,604.***.***-16,57.0,Endereco invalido
Vitor Da Mata,126.***.***-51,39.0,Endereco invalido
Sophia Da Mata,481.***.***-30,62.0,Endereco invalido
Fernanda Costa,643.***.***-43,72.0,Endereco invalido
Nina Carvalho,691.***.***-39,52.0,Endereco invalido
Julia Barbosa,265.***.***-65,73.0,Endereco invalido
Evelyn Mendes,591.***.***-77,78.0,Endereco invalido
Francisco Melo,675.***.***-92,39.0,Endereco invalido
Marina Da Luz,285.***.***-19,66.0,Endereco invalido
Dr. Eduardo Moreira,301.***.***-21,66.0,Endereco invalido
,689.***.***-13,31.0,"avenida da costa, 29, itaipu, 24856418 moraes / ma"
Ana Vitória Silveira,318.***.***-53,41.0,Endereco invalido
Milena Costela,968.***.***-24,53.0,Endereco invalido
Davi Lucas Castro,902.***.***-94,72.0,Endereco invalido
Dr. Eduardo Da Luz,817.***.***-28,60.0,Endereco invalido
Sra. Evelyn Silveira,840.***.***-50,78.0,Endereco invalido
João Lucas Pires,139.***.***-41,20.0,Endereco invalido
Antônio Cavalcanti,486.***.***-46,54.0,Endereco invalido
Rodrigo Gomes,205.***.***-98,81.0,Endereco invalido
Dr. João Vitor Das Neves,348.***.***-05,68.0,"vale de melo, 83, nazare, 55478-299 azevedo / mt"
Ana Lívia Nascimento,318.***.***-70,69.0,"vila lima, vila da amizade, 15914018 cardoso / rr"
Dra. Ana Júlia Araújo,605.***.***-62,74.0,Endereco invalido
Amanda Campos,431.***.***-97,60.0,Endereco invalido
Kevin Melo,184.***.***-49,67.0,Endereco invalido
Renan Aragão,999.***.***-99,62.0,Endereco invalido
Pedro Da Mota,108.***.***-01,26.0,Endereco invalido
João Felipe Azevedo,125.***.***-09,59.0,Endereco invalido
João Guilherme Sales,502.***.***-34,45.0,Endereco invalido
Eduardo Da Rosa,046.***.***-65,33.0,Endereco invalido
Leandro Rodrigues,150.***.***-17,81.0,Endereco invalido
Marina Azevedo,432.***.***-38,39.0,Endereco invalido
Sr. Yago Cardoso,942.***.***-05,64.0,Endereco invalido
Maria Eduarda Moura,951.***.***-32,25.0,"setor cunha, 81, solimoes, 48832799 lima / mg"
,974.***.***-74,27.0,Endereco invalido
Pedro Lucas Porto,650.***.***-84,76.0,Endereco invalido
Henrique Mendes,013.***.***-66,73.0,Endereco invalido
Ana Das Neves,036.***.***-35,77.0,Endereco invalido
Augusto Ribeiro,891.***.***-69,59.0,Endereco invalido
Francisco Pires,830.***.***-96,68.0,Endereco invalido
Davi Lucas Costela,793.***.***-64,27.0,Endereco invalido
Bianca Rocha,124.***.***-51,20.0,Endereco invalido
Dra. Luana Da Costa,381.***.***-82,30.0,Endereco invalido
Luiz Fernando Duarte,726.***.***-92,55.0,Endereco invalido
Kaique Das Neves,413.***.***-89,67.0,Endereco invalido
Henrique Moura,071.***.***-99,62.0,Endereco invalido
Felipe Da Rocha,539.***.***-80,19.0,Endereco invalido
Milena Da Cunha,617.***.***-43,36.0,Endereco invalido
Helena Da Cruz,123.***.***-00,62.0,Endereco invalido
Fernanda Da Paz,782.***.***-50,64.0,Endereco invalido
Daniela Lima,742.***.***-69,67.0,Endereco invalido
Stephany Lopes,283.***.***-73,63.0,Endereco invalido
Ana Lívia Mendes,621.***.***-13,69.0,Endereco invalido
,358.***.***-00,45.0,Endereco invalido
Calebe Rodrigues,051.***.***-04,51.0,Endereco invalido
Maria Sophia Da Luz,046.***.***-83,53.0,Endereco invalido
Sra. Vitória Dias,029.***.***-42,55.0,Endereco invalido
Juan Fernandes,128.***.***-02,32.0,Endereco invalido
Giovanna Da Paz,978.***.***-23,80.0,"recanto moraes, 225, mirtes, 22031-198 cunha / sp"
,561.***.***-59,66.0,Endereco invalido
Ana Vitória Costela,631.***.***-02,45.0,Endereco invalido
Bryan Lima,572.***.***-64,32.0,Endereco invalido
Sabrina Lima,392.***.***-04,60.0,"distrito dias, 437, alpes, 32954511 da rosa / rn"
Stephany Cunha,153.***.***-00,33.0,Endereco invalido
Yuri Melo,716.***.***-73,70.0,Endereco invalido
Clara Da Paz,839.***.***-09,63.0,Endereco invalido
Pedro Lucas Jesus,912.***.***-85,57.0,Endereco invalido
Joana Ribeiro,831.***.***-93,66.0,Endereco invalido
João Aragão,504.***.***-70,73.0,Endereco invalido
Vitor Moraes,027.***.***-26,72.0,"pátio de gomes, 22, centro, 50258-723 castro / ma"
Yuri Teixeira,379.***.***-05,68.0,Endereco invalido
Davi Lucas Pires,251.***.***-02,80.0,Endereco invalido
Juan Barros,260.***.***-07,21.0,Endereco invalido
Dr. João Guilherme Silva,376.***.***-38,19.0,Endereco invalido
Ana Carolina Nascimento,259.***.***-89,38.0,Endereco invalido
Emanuella Vieira,146.***.***-44,37.0,Endereco invalido
Sra. Daniela Fernandes,843.***.***-71,23.0,Endereco invalido
Anthony Porto,345.***.***-06,63.0,Endereco invalido
Vicente Da Mata,475.***.***-28,30.0,Endereco invalido
